Pregnancies,Glucose,BloodPressure,SkinThickness,Insulin,BMI,DiabetesPedigreeFunction,Age,Outcome
82.15149282040127,122.83570765056163,51.08678494144077,65.38442690503462,190,34.0,0.43,43,
40.37173645764544,100.2923312638332,63.29315215254097,110.96064077536957,0,35.7,0.148,21,
-21.28648767851284,84.5262807032524,91.12800217929824,-23.170884640623115,0,30.8,0.158,21,
-20.114376462048636,119.0981135783017,-15.664012232889888,-86.24589162565164,0,24.6,0.856,34,
-63.61518506676458,85.35844398327882,105.7123666297637,-45.401203776060555,0,29.9,0.21,50,
-65.23740931067285,176.28243844607772,60.71118497567322,35.37641023439619,190,37.7,0.324,55,
19.784900917283597,43.78086377374087,53.5461294854933,-39.54967887111514,76,20.4,0.323,22,0.0
92.61390922544689,86.96806550405975,-14.584687489663839,-30.085330611469846,0,33.8,0.932,44,
-57.042182498551114,153.3251387631033,19.114453552205006,70.12724560515946,126,31.3,0.338,37,
14.843061793456176,157.44317975023776,-19.983506193988774,-66.40930244492152,0,33.7,0.218,65,0.0
-5.05518477946444,147.92332899977052,78.56841405949852,21.217585880587976,0,27.5,0.141,40,
59.856111310945785,105.07390048162863,59.00778958026457,7.968061452010623,0,34.2,0.164,60,
-15.254114020815827,165.18091447842306,-28.1520077681367,43.20419846973975,318,30.9,0.15,29,
51.564005955809925,62.153899984702065,104.58381444204339,69.54997612479755,67,33.6,0.997,43,
50.77725635611796,46.03912383886807,42.53938120743927,42.5631715701782,16,28.4,0.766,22,
-58.81033120403354,101.04128810773551,40.71705116680914,-15.31674870030141,167,33.3,0.962,28,
53.17664489460121,124.6262911197099,139.81200142854115,28.399493920983307,0,37.2,0.267,28,
81.90182832329846,104.08180125238171,35.744012269743784,46.0697802754207,71,30.2,0.364,24,
45.09512521876119,181.20869804450243,78.2321827907003,-130.9872552044872,0,28.4,0.212,36,
-99.37844573004465,144.35235341190855,50.049632476706606,30.588038826775115,130,42.6,0.431,24,
-20.91351091368237,93.0164056081244,91.85562857558732,73.8947022370758,0,28.8,0.153,48,
17.437555482984223,47.57531985534062,52.91214782077317,74.7701058851037,76,32.0,0.365,29,
61.43224952664446,79.51198981164806,97.6633716556678,58.85387746740202,0,36.6,0.178,45,1.0
-72.17574740660592,60.89734530613238,47.61689267011159,7.3945923433921195,87,33.2,0.289,21,
-1.7293566687573705,143.8060138532288,89.05276360899447,28.255672832123047,122,35.9,0.28,39,
-33.113863461080946,113.23146289747929,62.96773386173204,15.864274173661524,0,35.5,0.355,41,
14.728890641591947,100.93571441669954,80.20254284072692,121.30929506052651,0,25.0,0.206,27,
-0.32569377246084397,112.8775195361382,70.27770421169164,-83.93856076495207,46,19.5,0.149,28,
17.077367116680623,105.01151049705132,209.1621056242643,26.381951760943874,120,45.5,0.127,23,
40.596651634338706,87.26441151473783,15.566098119023401,73.14114072575103,85,30.4,0.551,38,
-70.09255313961404,201.55159735215233,30.530627260263053,126.13971554680496,100,53.2,0.759,25,0.0
-24.314886480138597,175.34285469001352,187.52278129049893,-49.52681625653442,0,38.5,0.52,67,
7.428148740301366,188.98256825438207,52.826217294190045,-38.53317155330663,277,37.0,0.264,31,
77.49672025087699,113.88481431369476,23.67962153175908,-45.97121171169017,0,32.3,0.839,30,
-59.543215821697764,69.83733538318815,75.89692418971622,40.67586086848349,0,42.7,0.845,54,1.0
18.23169292661521,163.37299673020647,143.3571377141214,-46.37416172806138,171,34.2,0.893,33,
-64.02283065421382,209.99413971242117,109.09114358886549,37.1524644560959,0,34.7,0.575,62,
17.322410474848795,135.09707828084487,102.8492336616593,42.524642517293834,0,32.5,0.855,38,0.0
-23.71757090131839,86.99876392107547,89.61268485805017,31.653623664934063,0,26.5,0.259,62,
32.82768043169148,224.28872555723783,23.691646045589376,-59.56517486013243,0,43.2,0.27,26,0.0
-37.034115917585524,36.26591648863393,97.3542301871226,79.9297789503702,49,27.8,0.306,28,
95.83964913269737,183.16880646221608,74.63904634682491,41.1030079997245,0,26.7,0.687,62,
-35.79051424827191,96.73059419985647,37.31319178212552,-18.475721481276167,0,36.0,0.546,60,1.0
54.35916245180119,100.1449145292948,89.05759874083218,13.834539966500953,0,31.2,0.465,38,
142.00845832948093,92.65009459389535,164.67670385786585,-13.232841661897805,0,19.9,0.188,28,1.0
27.123620762159266,189.28336738825033,33.142122179185876,-17.544624903055613,245,31.6,0.851,28,1.0
0.35855436715636113,99.82686073370746,107.7000247046046,70.66188122867725,207,37.1,1.39,56,1.0
47.819939716173614,52.660314096579754,-3.7423612342932273,10.674252396648946,0,37.7,0.37,27,0.0
27.265868986441838,122.7046872065102,9.713061064400598,8.6590462925591,0,23.6,0.84,58,
-57.14851489153116,128.80712818994334,85.68625529727639,34.910435922299996,265,46.5,1.159,58,
56.690102601745146,111.88936801741417,93.03922631841172,76.15256215876386,0,24.7,0.148,21,
34.689297545610444,76.11653160214544,41.108748004243864,59.75176336043299,165,30.3,0.771,53,
68.77828200902994,165.75238431530238,274.63657453273606,71.54452553465835,325,39.2,0.528,58,
39.94846102466336,181.70008817466012,102.5695625652899,-15.763462232017279,0,28.9,0.542,23,
4.093706969316128,100.35873927312142,50.159069662999556,-7.268177391455172,210,22.1,0.207,21,
-77.6357935594826,189.73292833367543,-25.363259629587418,62.31300951872568,45,29.7,0.293,23,
-48.887238896465306,134.40340671052832,124.4475298483683,3.2140009547731383,0,29.8,0.207,63,
13.822929479098743,44.23481453700159,33.97988744673379,-36.518331585856835,0,0.0,0.174,22,
33.69595111590056,123.2785919951907,37.41998261970916,139.19720446626627,95,39.1,0.886,23,
47.6216667398112,66.74287066711965,73.32271573847139,-33.0893232384194,0,32.9,0.135,41,
51.28775970850607,114.37396307836497,72.26317792665505,57.24936394902286,0,32.4,0.443,45,
-30.666461628685596,61.98517964721119,53.27493820795258,3.2527344419521924,0,36.8,0.34,27,
51.893097352738806,217.27271201405483,110.24908554804777,-56.04419771675226,326,19.6,0.582,60,
-12.211703643312568,198.10780985063167,113.62326302755734,-68.96849829770068,258,27.6,0.926,44,
38.73170267146684,147.34555745933113,46.616526719060964,53.19097140731142,125,38.2,0.233,23,
-51.219382066714495,100.65347642109586,82.02373219690999,-108.06336700345364,0,42.8,0.375,24,
-69.50706889803163,68.37159243034199,-2.389159098242473,103.62056519658177,0,27.7,0.29,25,
-66.79310755897197,114.99777566515081,114.53702886430457,72.06366445330578,0,48.8,0.227,37,0.0
23.105173713163538,162.15818760774798,76.51165305097935,-49.075432552397544,0,18.4,0.582,27,
-18.265679843087995,181.9529847786735,37.98915614206027,52.490104249500945,579,42.4,0.702,28,
-54.89077494134245,155.6758672625624,99.10653372605232,121.3008408072676,342,34.7,0.718,42,0.0
33.41586032422881,189.65166873281333,-11.604389976125091,11.410745248220838,0,29.3,0.317,34,
-15.650046732941654,105.04959338675164,36.86502400897031,-10.406112517863766,0,24.2,0.2,58,
-34.64547976303271,65.53176215278941,127.48010485105125,42.85077429825237,36,37.4,0.247,24,1.0
37.481442096180615,147.97999377166252,81.36497604383047,40.64310594194801,0,24.3,0.249,29,
35.51851327167324,61.55024945389638,79.99094799015151,74.3646802561631,0,39.2,0.305,65,
-27.578569441791497,103.9549203017926,80.8663691654391,63.88324478942125,0,23.3,0.56,53,
57.93884259935952,123.35486905850189,45.8903673783053,23.11593983863898,115,24.7,0.944,39,
1.0501920816379524,158.27081744940148,106.67548180003192,96.27394035771646,188,30.8,0.493,22,
-2.507152718384229,144.0976485647482,76.4866621703272,16.208317624422104,0,37.6,0.191,30,1.0
111.619363784273,163.8497982496359,95.75785127184568,-40.911034161673626,0,30.4,0.383,36,
39.58313469814679,53.6991309250149,3.2905693606133894,94.9055436750034,64,33.6,0.51,22,
-42.86271857429158,106.20599085260775,95.417275463214,23.38766135765427,55,29.7,0.37,33,
-7.352869075106932,138.7902279096863,60.141914424394415,94.75598667088755,145,40.6,0.284,26,
-28.186227640198748,77.72514016037442,47.93070791735033,38.646572713781225,92,34.9,0.725,23,
-22.34715876855649,145.88898022167842,82.18436057459562,34.24832855543614,200,36.4,0.408,36,
-63.37318871882776,128.44808471908385,99.60249686788181,-28.40421707486621,0,50.0,0.337,36,
75.7678108474776,88.0777889373782,57.327642414407634,43.54537827990023,205,32.9,0.875,30,
-45.12646823189044,141.88298116010097,66.00307350182864,26.049189604865557,0,29.0,0.203,32,0.0
-39.361547177616146,86.07434320038051,43.567068053993104,32.13592801690447,52,32.7,0.166,25,
20.085586104947073,118.96732571205861,136.6369456501289,19.56199257715712,92,28.7,0.532,22,1.0
4.629620039089743,126.50719958555563,59.93897640570819,11.204624090520838,0,42.2,0.237,29,
26.899914562272475,78.88380492744159,-38.65048919277332,1.2255087129471347,0,0.0,0.102,22,1.0
-30.367378144402473,192.5571803897521,47.963541304260346,107.65912287557782,0,30.0,0.183,38,
-38.414914267757574,166.61603183603393,57.16710028691759,141.49014666088362,165,42.1,0.52,26,
-25.287751084038053,102.0139078909612,52.03036772779889,-66.19478621549034,0,41.3,0.607,28,
102.80854196079432,68.0433669223151,59.51968932381038,17.08779878885797,0,31.2,0.38,42,
26.595958575325287,130.5211919093025,36.15481721687985,-16.920733567417898,66,36.8,0.629,24,
-23.45878260523524,110.9883396489679,151.57293829271768,87.97200603606436,478,34.6,1.072,21,
68.89081559867309,-23.6567264545439,145.69361870827066,-5.726992262630894,0,32.6,0.391,41,0.0
3.3490296882371027,84.27861706028165,52.03124885231136,43.26218498590916,67,32.8,0.341,50,
-7.1189742510646745,55.49672642603782,119.14249661737495,-24.38102146912972,40,36.9,0.434,21,
-43.23210459189345,132.01478158559493,115.72194170293744,35.580743904444475,0,43.4,0.583,42,0.0
-35.424326827827684,69.29429146321888,139.88384109492546,51.615700598979586,194,38.2,0.329,29,
7.375924070505448,235.55759877612616,83.78373171464294,58.964859203191324,0,32.9,0.803,31,
50.57854754771777,215.03739624409934,173.7670421221602,29.551792576046324,160,38.4,0.246,28,
36.30257299992196,173.2687974792574,126.43157787661744,-14.24617302900522,128,25.4,0.699,24,1.0
-98.96160888800503,225.92122434247938,-9.936974321155716,-20.16292563328875,185,33.8,0.97,31,
6.704739020988759,66.52965827777211,117.8771127897981,106.1178526048014,70,34.2,1.292,27,
4.2226150551690615,190.4307772785646,10.994927089255427,-54.16912196775773,0,35.9,1.127,43,
-0.45600197563942046,116.20327244696537,58.36526259529534,-80.37210500199383,0,28.2,0.443,22,0.0
-44.99398931636776,109.77652497475734,121.48362744150192,18.329912304842413,0,22.9,0.326,22,
54.75711602506191,79.30665413316532,-52.96067609444758,-3.1339548636585937,0,0.0,0.305,24,0.0
-31.64364161311721,117.71369768322282,131.20232577589223,19.487119081377962,231,37.6,0.165,43,
-58.89389462944242,106.6484820022721,20.237883879031294,2.3175347326408975,176,34.4,0.528,25,
11.698995536711099,222.23625664581948,61.76317759858643,-2.986275399629271,0,35.8,0.514,21,
40.875385502365255,156.38359751545852,40.95152002333887,68.70833500217125,0,37.2,0.652,24,
-111.09605823677924,83.47494261947362,37.209087967765996,-13.752584857582201,0,31.9,0.471,29,
-10.451801977818915,15.240446890072391,130.3437133722262,82.24838567506418,0,27.3,0.525,22,
65.97874557172884,143.8278481527883,15.562507727176806,153.94404042276187,0,35.3,0.134,29,0.0
11.173181793361156,98.60412042596167,10.222977969978714,-80.32231601287863,0,24.3,0.187,21,
-52.077400180719756,62.18246273578483,-1.1126854798837087,19.671355787873665,57,40.5,0.677,25,
82.99720694450131,203.35708175362822,124.08198784747253,34.60136793416913,0,29.0,0.263,29,0.0
27.945502184232932,93.86841538238092,18.93578993358682,94.15620386348286,59,25.1,1.268,25,
-68.13998654821681,99.13769228367718,50.483066095819595,-43.78091266923787,0,26.1,0.179,22,0.0
38.14846183452855,147.30887737658207,171.47083202350652,-21.92837869095706,180,32.9,0.171,63,
-33.1995384839908,82.46787154390864,-24.356269188234812,-29.61969621194346,0,0.0,0.261,30,
8.488094527543153,157.42608139724135,34.45249417944811,41.52284128899194,150,33.3,1.353,51,
48.7695612912878,123.05259765667951,-45.378183102079895,-28.83856652841664,0,52.3,0.578,40,
41.56935616858945,214.04585938121903,61.122237760072444,35.96661527146129,0,28.5,0.68,37,
36.529933429657966,99.52973594393141,91.16800961899675,-33.13118794729233,0,23.3,0.672,32,0.0
14.4042473330691,112.83704217287416,-20.24410503322595,-41.37712189415814,271,41.8,0.742,38,
-82.076003113448,121.9861250860741,14.78416874477957,39.9296229388687,182,25.4,0.947,21,
13.369933565820702,132.69601006763418,23.449190011877178,2.4081946098920426,130,28.3,0.26,42,
-27.84459347615744,137.9793317358024,58.77222278850873,92.31464046072202,293,40.0,1.258,22,
75.07843103289503,143.7846056032571,17.51465726711909,26.490208895764138,0,29.5,0.121,32,
-2.1522693021496337,-3.5822250063644674,46.15523722647616,28.853606359027,0,28.4,0.259,22,
5.216138230396026,176.55729366856545,83.80074066420897,4.3294893736449955,0,42.3,0.257,44,
-13.59384830612337,208.38910308299037,90.72104216506065,45.88013310376011,126,35.2,0.692,54,
-19.049224041013147,43.61968879637532,40.372090609018954,32.72260711891484,15,20.1,0.257,23,
-14.301176608392058,126.48874284482065,169.7700399322719,65.55623517158462,0,25.0,0.307,24,0.0
-48.404315545870205,150.06069610819725,39.59623134892243,-101.9062267588927,0,23.5,0.191,25,
85.82186561376413,45.46040394870721,57.42432579793457,0.920918959477585,0,25.6,0.167,29,
-109.55676545039425,155.34636868820814,51.04497355955679,82.47027905917446,480,40.7,0.536,21,
57.187702160346454,104.7807279054283,98.54325969434834,-73.92931228899208,0,35.3,0.263,25,
121.5346428902198,100.92482037472071,53.235604304959935,62.63909330531424,0,38.3,0.457,39,1.0
-37.49221847323959,94.09331275292476,86.4110293150168,-0.9680449770122053,0,29.0,1.224,32,
-22.882872338255833,114.51679082721228,7.19580870455664,13.578311860969624,0,23.0,0.248,21,0.0
-21.50081994273736,135.9489912873196,94.68310526434742,91.87699721289496,0,39.4,0.236,38,
27.8650246522426,151.50625323533143,39.061814210884634,-22.21466300380557,0,30.4,0.302,49,
68.78189294024754,114.84943083226759,9.891733791118732,73.48029600528301,56,33.3,1.251,24,
-54.23273516557085,115.67174516118504,165.8397906279033,-38.68945995517865,0,36.8,0.485,57,
-0.7792335455227533,57.06398755478607,144.80221557445915,70.71828281770289,360,28.0,0.337,29,
14.461059098761375,87.99843131599101,13.725547635081178,162.28759898084132,49,35.3,0.705,39,
